{"cameraMode":{"drawMode":0,"name":"Shaded","section":"Shading Mode"},"sceneLighting":true,"audioPlay":false,"sceneViewState":{"m_AlwaysRefresh":false,"showFog":true,"showSkybox":true,"showFlares":true,"showImageEffects":true,"showParticleSystems":true,"showVisualEffectGraphs":true,"m_FxEnabled":true},"in2DMode":false,"pivot":{"x":-8.423973083496094,"y":13.649271965026856,"z":-21.07619285583496},"rotation":{"x":-0.30992087721824648,"y":0.23677189648151399,"z":-0.07999397814273834,"w":-0.9173302054405212},"size":0.8660253882408142,"orthographic":false}